{
	"global_dropdashdust_origins_0":  { "File": "global_dropdashdust_origins.bmp", "Rect": "0,0,0,0", "Center": "0,0" },
	"global_dropdashdust_origins_1":  { "File": "global_dropdashdust_origins.bmp", "Rect": "1,1,32,25", "Center": "25,5" },
	"global_dropdashdust_origins_2":  { "File": "global_dropdashdust_origins.bmp", "Rect": "34,1,32,25", "Center": "25,5" },
	"global_dropdashdust_origins_3":  { "File": "global_dropdashdust_origins.bmp", "Rect": "67,1,32,25", "Center": "25,5" },
	"global_dropdashdust_origins_4":  { "File": "global_dropdashdust_origins.bmp", "Rect": "100,1,32,25", "Center": "25,5" },
	"global_dropdashdust_origins_5":  { "File": "global_dropdashdust_origins.bmp", "Rect": "133,1,32,25", "Center": "25,5" },
	"global_dropdashdust_origins_6":  { "File": "global_dropdashdust_origins.bmp", "Rect": "166,1,32,25", "Center": "25,5" },
	"global_dropdashdust_origins_7":  { "File": "global_dropdashdust_origins.bmp", "Rect": "199,1,32,25", "Center": "25,5" },
	"global_dropdashdust_origins_8":  { "File": "global_dropdashdust_origins.bmp", "Rect": "232,1,32,25", "Center": "25,5" },
	"global_dropdashdust_origins_9":  { "File": "global_dropdashdust_origins.bmp", "Rect": "1,27,32,25", "Center": "25,5" },
	"global_dropdashdust_origins_10":  { "File": "global_dropdashdust_origins.bmp", "Rect": "34,27,32,25", "Center": "25,5" },
	"global_dropdashdust_origins_11":  { "File": "global_dropdashdust_origins.bmp", "Rect": "67,27,32,25", "Center": "25,5" },
	"global_dropdashdust_origins_12":  { "File": "global_dropdashdust_origins.bmp", "Rect": "100,27,32,25", "Center": "25,5" },
	"global_dropdashdust_origins_13":  { "File": "global_dropdashdust_origins.bmp", "Rect": "133,27,32,25", "Center": "25,5" },
	"global_dropdashdust_origins_14":  { "File": "global_dropdashdust_origins.bmp", "Rect": "166,27,32,25", "Center": "25,5" },
	"global_dropdashdust_origins_15":  { "File": "global_dropdashdust_origins.bmp", "Rect": "199,27,32,25", "Center": "25,5" },
	"global_dropdashdust_origins_16":  { "File": "global_dropdashdust_origins.bmp", "Rect": "232,27,32,25", "Center": "25,5" }
}